storm_id,storm_name,year,t,n_track_points_used,n_failed_lines_cumulative,failed_line_share_cumulative,n_failed_lines_new,n_unserved_buses,unserved_bus_share,affected_population_proxy,affected_population_share_proxy,n_components,n_served_components,n_unserved_components,max_line_hazard_this_step,mean_line_p_fail_this_step,max_line_p_fail_this_step
WP222021,LIONROCK,2021,0,1,0,0.0,0,0,0.0,0.0,0.0,1,1,0,0.016625351950372475,5.047926038824364e-05,6.76738076766862e-05
WP222021,LIONROCK,2021,1,2,0,0.0,0,0,0.0,0.0,0.0,1,1,0,0.040956177804758624,5.191857026342493e-05,0.00010485903180856328
WP222021,LIONROCK,2021,2,3,0,0.0,0,0,0.0,0.0,0.0,1,1,0,0.040956177804758624,5.191857026342493e-05,0.00010485903180856328
WP222021,LIONROCK,2021,3,4,0,0.0,0,0,0.0,0.0,0.0,1,1,0,0.040956177804758624,5.191857026342493e-05,0.00010485903180856328
WP222021,LIONROCK,2021,4,5,0,0.0,0,0,0.0,0.0,0.0,1,1,0,0.040956177804758624,5.191857026342493e-05,0.00010485903180856328
WP222021,LIONROCK,2021,5,6,0,0.0,0,0,0.0,0.0,0.0,1,1,0,0.040956177804758624,5.191857026342493e-05,0.00010485903180856328
WP222021,LIONROCK,2021,6,7,0,0.0,0,0,0.0,0.0,0.0,1,1,0,0.040956177804758624,5.191857026342493e-05,0.00010485903180856328
WP222021,LIONROCK,2021,7,8,0,0.0,0,0,0.0,0.0,0.0,1,1,0,0.040956177804758624,5.191857026342493e-05,0.00010485903180856328
WP222021,LIONROCK,2021,8,9,0,0.0,0,0,0.0,0.0,0.0,1,1,0,0.040956177804758624,5.191857026342493e-05,0.00010485903180856328
