storm_id,storm_name,year,t,n_track_points_used,n_failed_lines_cumulative,failed_line_share_cumulative,n_failed_lines_new,n_unserved_buses,unserved_bus_share,affected_population_proxy,affected_population_share_proxy,n_components,n_served_components,n_unserved_components,max_line_hazard_this_step,mean_line_p_fail_this_step,max_line_p_fail_this_step
WP112013,UTOR,2013,0,1,0,0.0,0,0,0.0,0.0,0.0,1,1,0,0.0,5.017216468376421e-05,5.0172164683764205e-05
WP112013,UTOR,2013,1,2,0,0.0,0,0,0.0,0.0,0.0,1,1,0,0.0,5.017216468376421e-05,5.0172164683764205e-05
WP112013,UTOR,2013,2,3,0,0.0,0,0,0.0,0.0,0.0,1,1,0,0.0,5.017216468376421e-05,5.0172164683764205e-05
WP112013,UTOR,2013,3,4,0,0.0,0,0,0.0,0.0,0.0,1,1,0,0.09476440452865102,5.441615553071238e-05,0.000276163653563295
WP112013,UTOR,2013,4,5,0,0.0,0,0,0.0,0.0,0.0,1,1,0,0.1730114974860139,0.00011022576894373821,0.0011284366282242899
WP112013,UTOR,2013,5,6,3,0.012711864406779662,3,0,0.0,0.0,0.0,2,2,0,0.5566784803333656,0.0182251955939115,0.5300170220039846
WP112013,UTOR,2013,6,7,5,0.0211864406779661,2,1,0.005208333333333333,597024.6035888493,0.0038628539660505246,3,2,1,0.5566784803333656,0.0182251955939115,0.5300170220039846
WP112013,UTOR,2013,7,8,7,0.029661016949152543,2,1,0.005208333333333333,597024.6035888493,0.0038628539660505246,5,4,1,0.5566784803333656,0.0182251955939115,0.5300170220039846
WP112013,UTOR,2013,8,9,9,0.038135593220338986,2,2,0.010416666666666666,1427530.9992292225,0.009236376103907123,7,5,2,0.5566784803333656,0.0182251955939115,0.5300170220039846
