storm_id,storm_name,year,t,n_track_points_used,n_failed_lines_cumulative,failed_line_share_cumulative,n_failed_lines_new,n_unserved_buses,unserved_bus_share,affected_population_proxy,affected_population_share_proxy,n_components,n_served_components,n_unserved_components,max_line_hazard_this_step,mean_line_p_fail_this_step,max_line_p_fail_this_step
WP242009,UNNAMED,2009,0,1,0,0.0,0,0,0.0,0.0,0.0,1,1,0,0.0,5.017216468376421e-05,5.0172164683764205e-05
WP242009,UNNAMED,2009,1,2,0,0.0,0,0,0.0,0.0,0.0,1,1,0,0.0,5.017216468376421e-05,5.0172164683764205e-05
WP242009,UNNAMED,2009,2,3,0,0.0,0,0,0.0,0.0,0.0,1,1,0,0.0,5.017216468376421e-05,5.0172164683764205e-05
WP242009,UNNAMED,2009,3,4,0,0.0,0,0,0.0,0.0,0.0,1,1,0,0.0,5.017216468376421e-05,5.0172164683764205e-05
WP242009,UNNAMED,2009,4,5,0,0.0,0,0,0.0,0.0,0.0,1,1,0,0.016662891717893504,5.05929038579904e-05,6.771954829421184e-05
WP242009,UNNAMED,2009,5,6,0,0.0,0,0,0.0,0.0,0.0,1,1,0,0.04131340481002569,5.198718533112759e-05,0.00010553538542903213
