storm_id,storm_name,year,t,n_track_points_used,n_failed_lines_cumulative,failed_line_share_cumulative,n_failed_lines_new,n_unserved_buses,unserved_bus_share,affected_population_proxy,affected_population_share_proxy,n_components,n_served_components,n_unserved_components,max_line_hazard_this_step,mean_line_p_fail_this_step,max_line_p_fail_this_step
WP112018,SON-TINH,2018,0,1,0,0.0,0,0,0.0,0.0,0.0,1,1,0,0.0,5.017216468376421e-05,5.0172164683764205e-05
WP112018,SON-TINH,2018,1,2,0,0.0,0,0,0.0,0.0,0.0,1,1,0,0.0,5.017216468376421e-05,5.0172164683764205e-05
WP112018,SON-TINH,2018,2,3,0,0.0,0,0,0.0,0.0,0.0,1,1,0,0.0,5.017216468376421e-05,5.0172164683764205e-05
WP112018,SON-TINH,2018,3,4,0,0.0,0,0,0.0,0.0,0.0,1,1,0,0.02981830290743444,5.056683951548183e-05,8.581159995927702e-05
WP112018,SON-TINH,2018,4,5,0,0.0,0,0,0.0,0.0,0.0,1,1,0,0.06037148228007552,5.2020132915552554e-05,0.0001487174966227049
WP112018,SON-TINH,2018,5,6,0,0.0,0,0,0.0,0.0,0.0,1,1,0,0.06037148228007552,5.2020132915552554e-05,0.0001487174966227049
