storm_id,storm_name,year,t,n_track_points_used,n_failed_lines_cumulative,failed_line_share_cumulative,n_failed_lines_new,n_unserved_buses,unserved_bus_share,affected_population_proxy,affected_population_share_proxy,n_components,n_served_components,n_unserved_components,max_line_hazard_this_step,mean_line_p_fail_this_step,max_line_p_fail_this_step
WP012018,BOLAVEN,2017,0,1,0,0.0,0,0,0.0,0.0,0.0,1,1,0,0.013080882009645422,5.033518555317094e-05,6.349130331302219e-05
WP012018,BOLAVEN,2017,1,2,0,0.0,0,0,0.0,0.0,0.0,1,1,0,0.050234714015145336,5.2398153340696506e-05,0.00012391693791416304
WP012018,BOLAVEN,2017,2,3,0,0.0,0,0,0.0,0.0,0.0,1,1,0,0.07674848220775127,6.406163688548366e-05,0.00019969346669649753
WP012018,BOLAVEN,2017,3,4,0,0.0,0,0,0.0,0.0,0.0,1,1,0,0.08653890426524648,6.878270526378854e-05,0.00023816712645837408
WP012018,BOLAVEN,2017,4,5,0,0.0,0,0,0.0,0.0,0.0,1,1,0,0.08653890426524648,6.878270526378854e-05,0.00023816712645837408
WP012018,BOLAVEN,2017,5,6,0,0.0,0,0,0.0,0.0,0.0,1,1,0,0.08653890426524648,6.878270526378854e-05,0.00023816712645837408
WP012018,BOLAVEN,2017,6,7,0,0.0,0,0,0.0,0.0,0.0,1,1,0,0.08653890426524648,6.878270526378854e-05,0.00023816712645837408
