storm_id,storm_name,year,t,n_track_points_used,n_failed_lines_cumulative,failed_line_share_cumulative,n_failed_lines_new,n_unserved_buses,unserved_bus_share,affected_population_proxy,affected_population_share_proxy,n_components,n_served_components,n_unserved_components,max_line_hazard_this_step,mean_line_p_fail_this_step,max_line_p_fail_this_step
WP162002,KAMMURI,2002,0,1,0,0.0,0,0,0.0,0.0,0.0,1,1,0,0.018005562654678998,5.070434582761996e-05,6.937602226570879e-05
WP162002,KAMMURI,2002,1,2,0,0.0,0,0,0.0,0.0,0.0,1,1,0,0.018005562654678998,5.070434582761996e-05,6.937602226570879e-05
WP162002,KAMMURI,2002,2,3,0,0.0,0,0,0.0,0.0,0.0,1,1,0,0.018005562654678998,5.070434582761996e-05,6.937602226570879e-05
WP162002,KAMMURI,2002,3,4,0,0.0,0,0,0.0,0.0,0.0,1,1,0,0.018005562654678998,5.070434582761996e-05,6.937602226570879e-05
WP162002,KAMMURI,2002,4,5,0,0.0,0,0,0.0,0.0,0.0,1,1,0,0.018005562654678998,5.070434582761996e-05,6.937602226570879e-05
WP162002,KAMMURI,2002,5,6,0,0.0,0,0,0.0,0.0,0.0,1,1,0,0.018005562654678998,5.070434582761996e-05,6.937602226570879e-05
