storm_id,storm_name,year,t,n_track_points_used,n_failed_lines_cumulative,failed_line_share_cumulative,n_failed_lines_new,n_unserved_buses,unserved_bus_share,affected_population_proxy,affected_population_share_proxy,n_components,n_served_components,n_unserved_components,max_line_hazard_this_step,mean_line_p_fail_this_step,max_line_p_fail_this_step
WP042017,MERBOK,2017,0,1,0,0.0,0,0,0.0,0.0,0.0,1,1,0,0.0,5.017216468376421e-05,5.0172164683764205e-05
WP042017,MERBOK,2017,1,2,0,0.0,0,0,0.0,0.0,0.0,1,1,0,0.011958109026500971,5.061664031247416e-05,6.222110789470936e-05
WP042017,MERBOK,2017,2,3,0,0.0,0,0,0.0,0.0,0.0,1,1,0,0.011958109026500971,5.061664031247416e-05,6.222110789470936e-05
WP042017,MERBOK,2017,3,4,0,0.0,0,0,0.0,0.0,0.0,1,1,0,0.011958109026500971,5.061664031247416e-05,6.222110789470936e-05
WP042017,MERBOK,2017,4,5,0,0.0,0,0,0.0,0.0,0.0,1,1,0,0.011958109026500971,5.061664031247416e-05,6.222110789470936e-05
WP042017,MERBOK,2017,5,6,0,0.0,0,0,0.0,0.0,0.0,1,1,0,0.011958109026500971,5.061664031247416e-05,6.222110789470936e-05
WP042017,MERBOK,2017,6,7,0,0.0,0,0,0.0,0.0,0.0,1,1,0,0.011958109026500971,5.061664031247416e-05,6.222110789470936e-05
