storm_id,storm_name,year,t,n_track_points_used,n_failed_lines_cumulative,failed_line_share_cumulative,n_failed_lines_new,n_unserved_buses,unserved_bus_share,affected_population_proxy,affected_population_share_proxy,n_components,n_served_components,n_unserved_components,max_line_hazard_this_step,mean_line_p_fail_this_step,max_line_p_fail_this_step
WP262018,MANGKHUT,2018,0,1,0,0.0,0,0,0.0,0.0,0.0,1,1,0,0.0,5.017216468376421e-05,5.0172164683764205e-05
WP262018,MANGKHUT,2018,1,2,0,0.0,0,0,0.0,0.0,0.0,1,1,0,0.0,5.017216468376421e-05,5.0172164683764205e-05
WP262018,MANGKHUT,2018,2,3,0,0.0,0,0,0.0,0.0,0.0,1,1,0,0.0,5.017216468376421e-05,5.0172164683764205e-05
WP262018,MANGKHUT,2018,3,4,0,0.0,0,0,0.0,0.0,0.0,1,1,0,0.0,5.017216468376421e-05,5.0172164683764205e-05
WP262018,MANGKHUT,2018,4,5,0,0.0,0,0,0.0,0.0,0.0,1,1,0,0.36454526331119536,0.00035413816103736643,0.034284190762140704
WP262018,MANGKHUT,2018,5,6,3,0.012711864406779662,3,0,0.0,0.0,0.0,3,3,0,0.6761479374255638,0.02013319610036329,0.9064180307623548
WP262018,MANGKHUT,2018,6,7,5,0.0211864406779661,2,0,0.0,0.0,0.0,5,5,0,0.6761479374255638,0.02013319610036329,0.9064180307623548
WP262018,MANGKHUT,2018,7,8,6,0.025423728813559324,1,0,0.0,0.0,0.0,5,5,0,0.6761479374255638,0.02013319610036329,0.9064180307623548
WP262018,MANGKHUT,2018,8,9,6,0.025423728813559324,0,0,0.0,0.0,0.0,5,5,0,0.6761479374255638,0.02013319610036329,0.9064180307623548
