storm_id,storm_name,year,t,n_track_points_used,n_failed_lines_cumulative,failed_line_share_cumulative,n_failed_lines_new,n_unserved_buses,unserved_bus_share,affected_population_proxy,affected_population_share_proxy,n_components,n_served_components,n_unserved_components,max_line_hazard_this_step,mean_line_p_fail_this_step,max_line_p_fail_this_step
WP072020,MEKKHALA,2020,0,1,0,0.0,0,0,0.0,0.0,0.0,1,1,0,0.0,5.017216468376421e-05,5.0172164683764205e-05
WP072020,MEKKHALA,2020,1,2,0,0.0,0,0,0.0,0.0,0.0,1,1,0,0.0,5.017216468376421e-05,5.0172164683764205e-05
WP072020,MEKKHALA,2020,2,3,0,0.0,0,0,0.0,0.0,0.0,1,1,0,0.0,5.017216468376421e-05,5.0172164683764205e-05
WP072020,MEKKHALA,2020,3,4,0,0.0,0,0,0.0,0.0,0.0,1,1,0,0.0164127895430605,5.068273803254719e-05,6.741539147932197e-05
WP072020,MEKKHALA,2020,4,5,0,0.0,0,0,0.0,0.0,0.0,1,1,0,0.017508016368533368,5.069508900878264e-05,6.875751864769176e-05
WP072020,MEKKHALA,2020,5,6,0,0.0,0,0,0.0,0.0,0.0,1,1,0,0.017508016368533368,5.069508900878264e-05,6.875751864769176e-05
WP072020,MEKKHALA,2020,6,7,0,0.0,0,0,0.0,0.0,0.0,1,1,0,0.017508016368533368,5.069508900878264e-05,6.875751864769176e-05
WP072020,MEKKHALA,2020,7,8,0,0.0,0,0,0.0,0.0,0.0,1,1,0,0.017508016368533368,5.069508900878264e-05,6.875751864769176e-05
WP072020,MEKKHALA,2020,8,9,0,0.0,0,0,0.0,0.0,0.0,1,1,0,0.017508016368533368,5.069508900878264e-05,6.875751864769176e-05
