storm_id,storm_name,year,t,n_track_points_used,n_failed_lines_cumulative,failed_line_share_cumulative,n_failed_lines_new,n_unserved_buses,unserved_bus_share,affected_population_proxy,affected_population_share_proxy,n_components,n_served_components,n_unserved_components,max_line_hazard_this_step,mean_line_p_fail_this_step,max_line_p_fail_this_step
WP312013,HAIYAN,2013,0,1,0,0.0,0,0,0.0,0.0,0.0,1,1,0,0.1071020916452886,5.142064439740674e-05,0.00034481337710340056
WP312013,HAIYAN,2013,1,2,12,0.05084745762711865,12,12,0.0625,10733532.38601236,0.06944783832659789,11,4,7,0.9697764501560368,0.047923746443797585,0.9994772979454056
WP312013,HAIYAN,2013,2,3,18,0.07627118644067797,6,15,0.078125,17394170.59652655,0.11254333652424192,17,6,11,0.9697764501560368,0.0677667456916507,0.9994772979454056
WP312013,HAIYAN,2013,3,4,18,0.07627118644067797,0,15,0.078125,17394170.59652655,0.11254333652424192,17,6,11,0.9697764501560368,0.0677667456916507,0.9994772979454056
WP312013,HAIYAN,2013,4,5,18,0.07627118644067797,0,15,0.078125,17394170.59652655,0.11254333652424192,17,6,11,0.9697764501560368,0.0677667456916507,0.9994772979454056
WP312013,HAIYAN,2013,5,6,18,0.07627118644067797,0,15,0.078125,17394170.59652655,0.11254333652424192,17,6,11,0.9697764501560368,0.0677667456916507,0.9994772979454056
