storm_id,storm_name,year,t,n_track_points_used,n_failed_lines_cumulative,failed_line_share_cumulative,n_failed_lines_new,n_unserved_buses,unserved_bus_share,affected_population_proxy,affected_population_share_proxy,n_components,n_served_components,n_unserved_components,max_line_hazard_this_step,mean_line_p_fail_this_step,max_line_p_fail_this_step
WP332018,USAGI,2018,0,1,0,0.0,0,0,0.0,0.0,0.0,1,1,0,0.0,5.017216468376421e-05,5.0172164683764205e-05
WP332018,USAGI,2018,1,2,0,0.0,0,0,0.0,0.0,0.0,1,1,0,0.0,5.017216468376421e-05,5.0172164683764205e-05
WP332018,USAGI,2018,2,3,0,0.0,0,0,0.0,0.0,0.0,1,1,0,0.020950871530762295,5.135672868374791e-05,7.315299645943769e-05
WP332018,USAGI,2018,3,4,0,0.0,0,0,0.0,0.0,0.0,1,1,0,0.1168049372903185,6.160254985035683e-05,0.00041058737544125346
WP332018,USAGI,2018,4,5,0,0.0,0,0,0.0,0.0,0.0,1,1,0,0.1168049372903185,6.9044461050673e-05,0.00041058737544125346
WP332018,USAGI,2018,5,6,0,0.0,0,0,0.0,0.0,0.0,1,1,0,0.1168049372903185,6.993023949112083e-05,0.00041058737544125346
WP332018,USAGI,2018,6,7,0,0.0,0,0,0.0,0.0,0.0,1,1,0,0.1168049372903185,6.993023949112083e-05,0.00041058737544125346
WP332018,USAGI,2018,7,8,0,0.0,0,0,0.0,0.0,0.0,1,1,0,0.1168049372903185,6.993023949112083e-05,0.00041058737544125346
WP332018,USAGI,2018,8,9,0,0.0,0,0,0.0,0.0,0.0,1,1,0,0.1168049372903185,6.993023949112083e-05,0.00041058737544125346
