storm_id,storm_name,year,t,n_track_points_used,n_failed_lines_cumulative,failed_line_share_cumulative,n_failed_lines_new,n_unserved_buses,unserved_bus_share,affected_population_proxy,affected_population_share_proxy,n_components,n_served_components,n_unserved_components,max_line_hazard_this_step,mean_line_p_fail_this_step,max_line_p_fail_this_step
WP022014,KAJIKI,2014,0,1,0,0.0,0,0,0.0,0.0,0.0,1,1,0,0.024821082525086708,5.038648631199833e-05,7.84304002069764e-05
WP022014,KAJIKI,2014,1,2,0,0.0,0,0,0.0,0.0,0.0,1,1,0,0.09515410828196458,5.7882835470237805e-05,0.00027810711945149274
WP022014,KAJIKI,2014,2,3,0,0.0,0,0,0.0,0.0,0.0,1,1,0,0.09515410828196458,6.170273823654336e-05,0.00027810711945149274
WP022014,KAJIKI,2014,3,4,0,0.0,0,0,0.0,0.0,0.0,1,1,0,0.09515410828196458,6.170273823654336e-05,0.00027810711945149274
