storm_id,storm_name,year,t,n_track_points_used,n_failed_lines_cumulative,failed_line_share_cumulative,n_failed_lines_new,n_unserved_buses,unserved_bus_share,affected_population_proxy,affected_population_share_proxy,n_components,n_served_components,n_unserved_components,max_line_hazard_this_step,mean_line_p_fail_this_step,max_line_p_fail_this_step
WP102005,SANVU,2005,0,1,0,0.0,0,0,0.0,0.0,0.0,1,1,0,0.0,5.017216468376421e-05,5.0172164683764205e-05
WP102005,SANVU,2005,1,2,0,0.0,0,0,0.0,0.0,0.0,1,1,0,0.0,5.017216468376421e-05,5.0172164683764205e-05
WP102005,SANVU,2005,2,3,0,0.0,0,0,0.0,0.0,0.0,1,1,0,0.0,5.017216468376421e-05,5.0172164683764205e-05
WP102005,SANVU,2005,3,4,0,0.0,0,0,0.0,0.0,0.0,1,1,0,0.026512032873833496,5.0556215014945534e-05,8.085409970842261e-05
WP102005,SANVU,2005,4,5,0,0.0,0,0,0.0,0.0,0.0,1,1,0,0.07131541976163734,5.247410483678885e-05,0.00018109232877669255
WP102005,SANVU,2005,5,6,0,0.0,0,0,0.0,0.0,0.0,1,1,0,0.16625526004783808,6.004228182658032e-05,0.0009993503209716553
WP102005,SANVU,2005,6,7,0,0.0,0,0,0.0,0.0,0.0,1,1,0,0.16625526004783808,6.004228182658032e-05,0.0009993503209716553
WP102005,SANVU,2005,7,8,0,0.0,0,0,0.0,0.0,0.0,1,1,0,0.16625526004783808,6.004228182658032e-05,0.0009993503209716553
WP102005,SANVU,2005,8,9,0,0.0,0,0,0.0,0.0,0.0,1,1,0,0.16625526004783808,6.004228182658032e-05,0.0009993503209716553
