storm_id,storm_name,year,t,n_track_points_used,n_failed_lines_cumulative,failed_line_share_cumulative,n_failed_lines_new,n_unserved_buses,unserved_bus_share,affected_population_proxy,affected_population_share_proxy,n_components,n_served_components,n_unserved_components,max_line_hazard_this_step,mean_line_p_fail_this_step,max_line_p_fail_this_step
WP302004,NANMADOL,2004,0,1,0,0.0,0,0,0.0,0.0,0.0,1,1,0,0.0,5.017216468376421e-05,5.0172164683764205e-05
WP302004,NANMADOL,2004,1,2,0,0.0,0,0,0.0,0.0,0.0,1,1,0,0.08887697383369872,5.752064482439434e-05,0.00024840181437991825
WP302004,NANMADOL,2004,2,3,0,0.0,0,0,0.0,0.0,0.0,1,1,0,0.16556069149355104,6.873447631730431e-05,0.0009869462413716146
WP302004,NANMADOL,2004,3,4,0,0.0,0,0,0.0,0.0,0.0,1,1,0,0.24192060322535028,0.00018279556542849518,0.0038900751486686956
WP302004,NANMADOL,2004,4,5,0,0.0,0,0,0.0,0.0,0.0,1,1,0,0.4553886704564764,0.0013050959560205859,0.15407334142600476
WP302004,NANMADOL,2004,5,6,1,0.00423728813559322,1,0,0.0,0.0,0.0,1,1,0,0.4553886704564764,0.0013050959560205859,0.15407334142600476
WP302004,NANMADOL,2004,6,7,1,0.00423728813559322,0,0,0.0,0.0,0.0,1,1,0,0.4553886704564764,0.0013050959560205859,0.15407334142600476
WP302004,NANMADOL,2004,7,8,1,0.00423728813559322,0,0,0.0,0.0,0.0,1,1,0,0.4553886704564764,0.0013050959560205859,0.15407334142600476
WP302004,NANMADOL,2004,8,9,1,0.00423728813559322,0,0,0.0,0.0,0.0,1,1,0,0.4553886704564764,0.0013050959560205859,0.15407334142600476
