storm_id,storm_name,year,t,n_track_points_used,n_failed_lines_cumulative,failed_line_share_cumulative,n_failed_lines_new,n_unserved_buses,unserved_bus_share,affected_population_proxy,affected_population_share_proxy,n_components,n_served_components,n_unserved_components,max_line_hazard_this_step,mean_line_p_fail_this_step,max_line_p_fail_this_step
WP272011,WASHI,2011,0,1,0,0.0,0,0,0.0,0.0,0.0,1,1,0,0.03029789133023334,5.059354071142981e-05,8.655551869234046e-05
WP272011,WASHI,2011,1,2,0,0.0,0,0,0.0,0.0,0.0,1,1,0,0.2611055409443848,0.00010448621464727065,0.0054857518716445895
WP272011,WASHI,2011,2,3,0,0.0,0,0,0.0,0.0,0.0,1,1,0,0.2611055409443848,0.0001635599631573085,0.0054857518716445895
WP272011,WASHI,2011,3,4,0,0.0,0,0,0.0,0.0,0.0,1,1,0,0.2611055409443848,0.000238992397539785,0.0054857518716445895
WP272011,WASHI,2011,4,5,0,0.0,0,0,0.0,0.0,0.0,1,1,0,0.2611055409443848,0.00024055533074202295,0.0054857518716445895
WP272011,WASHI,2011,5,6,0,0.0,0,0,0.0,0.0,0.0,1,1,0,0.2611055409443848,0.00024055533074202295,0.0054857518716445895
WP272011,WASHI,2011,6,7,0,0.0,0,0,0.0,0.0,0.0,1,1,0,0.2611055409443848,0.00024055533074202295,0.0054857518716445895
WP272011,WASHI,2011,7,8,0,0.0,0,0,0.0,0.0,0.0,1,1,0,0.2611055409443848,0.00024055533074202295,0.0054857518716445895
WP272011,WASHI,2011,8,9,0,0.0,0,0,0.0,0.0,0.0,1,1,0,0.2611055409443848,0.00024055533074202295,0.0054857518716445895
