storm_id,storm_name,year,t,n_track_points_used,n_failed_lines_cumulative,failed_line_share_cumulative,n_unserved_buses,unserved_bus_share,affected_population_proxy,affected_population_share_proxy,n_components,max_line_hazard_this_step
WP282021,RAI,2021,0,1,0,0.0,0,0.0,0.0,0.0,1,0.0
WP282021,RAI,2021,1,2,0,0.0,0,0.0,0.0,0.0,1,0.1931874706819115
WP282021,RAI,2021,2,3,0,0.0,0,0.0,0.0,0.0,1,0.34316745366961926
WP282021,RAI,2021,3,4,0,0.0,0,0.0,0.0,0.0,1,0.34316745366961926
WP282021,RAI,2021,4,5,0,0.0,0,0.0,0.0,0.0,1,0.34316745366961926
WP282021,RAI,2021,5,6,0,0.0,0,0.0,0.0,0.0,1,0.34316745366961926
WP282021,RAI,2021,6,7,0,0.0,0,0.0,0.0,0.0,1,0.34316745366961926
WP282021,RAI,2021,7,8,0,0.0,0,0.0,0.0,0.0,1,0.34316745366961926
WP282021,RAI,2021,8,9,0,0.0,0,0.0,0.0,0.0,1,0.34316745366961926
