storm_id,storm_name,year,t,n_track_points_used,n_failed_lines_cumulative,failed_line_share_cumulative,n_failed_lines_new,n_unserved_buses,unserved_bus_share,affected_population_proxy,affected_population_share_proxy,n_components,n_served_components,n_unserved_components,max_line_hazard_this_step,mean_line_p_fail_this_step,max_line_p_fail_this_step
WP272012,WUKONG,2012,0,1,0,0.0,0,0,0.0,0.0,0.0,1,1,0,0.01678309945759352,5.024713951318127e-05,6.786622442618959e-05
WP272012,WUKONG,2012,1,2,0,0.0,0,0,0.0,0.0,0.0,1,1,0,0.03379404690099531,5.2779261591140145e-05,9.217705338322726e-05
WP272012,WUKONG,2012,2,3,0,0.0,0,0,0.0,0.0,0.0,1,1,0,0.20447773789991336,0.0001300399532748632,0.001986483721713687
WP272012,WUKONG,2012,3,4,0,0.0,0,0,0.0,0.0,0.0,1,1,0,0.20447773789991336,0.00014724645644875362,0.001986483721713687
WP272012,WUKONG,2012,4,5,0,0.0,0,0,0.0,0.0,0.0,1,1,0,0.20447773789991336,0.0001491062092478368,0.001986483721713687
WP272012,WUKONG,2012,5,6,0,0.0,0,0,0.0,0.0,0.0,1,1,0,0.20447773789991336,0.0001491062092478368,0.001986483721713687
WP272012,WUKONG,2012,6,7,0,0.0,0,0,0.0,0.0,0.0,1,1,0,0.20447773789991336,0.0001491062092478368,0.001986483721713687
WP272012,WUKONG,2012,7,8,0,0.0,0,0,0.0,0.0,0.0,1,1,0,0.20447773789991336,0.0001491062092478368,0.001986483721713687
