storm_id,storm_name,year,t,n_track_points_used,n_failed_lines_cumulative,failed_line_share_cumulative,n_failed_lines_new,n_unserved_buses,unserved_bus_share,affected_population_proxy,affected_population_share_proxy,n_components,n_served_components,n_unserved_components,max_line_hazard_this_step,mean_line_p_fail_this_step,max_line_p_fail_this_step
WP072000,UNNAMED,2000,0,1,0,0.0,0,0,0.0,0.0,0.0,1,1,0,0.0,5.017216468376421e-05,5.0172164683764205e-05
WP072000,UNNAMED,2000,1,2,0,0.0,0,0,0.0,0.0,0.0,1,1,0,0.0,5.017216468376421e-05,5.0172164683764205e-05
WP072000,UNNAMED,2000,2,3,0,0.0,0,0,0.0,0.0,0.0,1,1,0,0.0,5.017216468376421e-05,5.0172164683764205e-05
WP072000,UNNAMED,2000,3,4,0,0.0,0,0,0.0,0.0,0.0,1,1,0,0.0,5.017216468376421e-05,5.0172164683764205e-05
WP072000,UNNAMED,2000,4,5,0,0.0,0,0,0.0,0.0,0.0,1,1,0,0.01610700279064379,5.0315157952667366e-05,6.704537041433671e-05
WP072000,UNNAMED,2000,5,6,0,0.0,0,0,0.0,0.0,0.0,1,1,0,0.01939299908629142,5.0993525266609035e-05,7.113030016511135e-05
WP072000,UNNAMED,2000,6,7,0,0.0,0,0,0.0,0.0,0.0,1,1,0,0.024695983766259942,5.5132057910484425e-05,7.82540048803448e-05
WP072000,UNNAMED,2000,7,8,0,0.0,0,0,0.0,0.0,0.0,1,1,0,0.05273945395861295,6.190700045678877e-05,0.00012963088813918808
WP072000,UNNAMED,2000,8,9,0,0.0,0,0,0.0,0.0,0.0,1,1,0,0.05273945395861295,6.190700045678877e-05,0.00012963088813918808
