storm_id,storm_name,year,t,n_track_points_used,n_failed_lines_cumulative,failed_line_share_cumulative,n_unserved_buses,unserved_bus_share,affected_population_proxy,affected_population_share_proxy,n_components,max_line_hazard_this_step
WP312013,HAIYAN,2013,0,1,0,0.0,0,0.0,0.0,0.0,1,0.010275378081142358
WP312013,HAIYAN,2013,1,2,7,0.029661016949152543,0,0.0,0.0,0.0,7,0.7899333580519001
WP312013,HAIYAN,2013,2,3,7,0.029661016949152543,0,0.0,0.0,0.0,7,0.7899333580519001
WP312013,HAIYAN,2013,3,4,7,0.029661016949152543,0,0.0,0.0,0.0,7,0.7899333580519001
WP312013,HAIYAN,2013,4,5,7,0.029661016949152543,0,0.0,0.0,0.0,7,0.7899333580519001
WP312013,HAIYAN,2013,5,6,7,0.029661016949152543,0,0.0,0.0,0.0,7,0.7899333580519001
