storm_id,storm_name,year,t,n_track_points_used,n_failed_lines_cumulative,failed_line_share_cumulative,n_failed_lines_new,n_unserved_buses,unserved_bus_share,affected_population_proxy,affected_population_share_proxy,n_components,n_served_components,n_unserved_components,max_line_hazard_this_step,mean_line_p_fail_this_step,max_line_p_fail_this_step
WP012002,TAPAH,2002,0,1,0,0.0,0,0,0.0,0.0,0.0,1,1,0,0.0,5.017216468376421e-05,5.0172164683764205e-05
WP012002,TAPAH,2002,1,2,0,0.0,0,0,0.0,0.0,0.0,1,1,0,0.0,5.017216468376421e-05,5.0172164683764205e-05
WP012002,TAPAH,2002,2,3,0,0.0,0,0,0.0,0.0,0.0,1,1,0,0.029859023017529247,5.047472696824498e-05,8.587451425249414e-05
WP012002,TAPAH,2002,3,4,0,0.0,0,0,0.0,0.0,0.0,1,1,0,0.043013788903875805,5.239307539538079e-05,0.00010881508103088115
WP012002,TAPAH,2002,4,5,0,0.0,0,0,0.0,0.0,0.0,1,1,0,0.04655697459662014,5.25456148417427e-05,0.00011598027269901589
WP012002,TAPAH,2002,5,6,0,0.0,0,0,0.0,0.0,0.0,1,1,0,0.04655697459662014,5.2655973971127324e-05,0.00011598027269901589
WP012002,TAPAH,2002,6,7,0,0.0,0,0,0.0,0.0,0.0,1,1,0,0.08045189608489146,5.618786992972982e-05,0.00021345610377530893
WP012002,TAPAH,2002,7,8,0,0.0,0,0,0.0,0.0,0.0,1,1,0,0.08184753535658547,5.7254438041293516e-05,0.0002188851767511703
WP012002,TAPAH,2002,8,9,0,0.0,0,0,0.0,0.0,0.0,1,1,0,0.08184753535658547,5.7254438041293516e-05,0.0002188851767511703
