storm_id,storm_name,year,t,n_track_points_used,n_failed_lines_cumulative,failed_line_share_cumulative,n_failed_lines_new,n_unserved_buses,unserved_bus_share,affected_population_proxy,affected_population_share_proxy,n_components,n_served_components,n_unserved_components,max_line_hazard_this_step,mean_line_p_fail_this_step,max_line_p_fail_this_step
WP092012,VICENTE,2012,0,1,0,0.0,0,0,0.0,0.0,0.0,1,1,0,0.016962056917348086,5.038338087977552e-05,6.808517500639182e-05
WP092012,VICENTE,2012,1,2,1,0.00423728813559322,1,1,0.005208333333333333,1611912.4940185547,0.010429356735076875,2,1,1,0.016962056917348086,5.0539710778626316e-05,6.808517500639182e-05
WP092012,VICENTE,2012,2,3,1,0.00423728813559322,0,1,0.005208333333333333,1611912.4940185547,0.010429356735076875,2,1,1,0.016962056917348086,5.0666561198369506e-05,6.808517500639182e-05
WP092012,VICENTE,2012,3,4,1,0.00423728813559322,0,1,0.005208333333333333,1611912.4940185547,0.010429356735076875,2,1,1,0.018942912943364785,5.075086961966066e-05,7.05564029678749e-05
WP092012,VICENTE,2012,4,5,1,0.00423728813559322,0,1,0.005208333333333333,1611912.4940185547,0.010429356735076875,2,1,1,0.018942912943364785,5.075086961966066e-05,7.05564029678749e-05
WP092012,VICENTE,2012,5,6,1,0.00423728813559322,0,1,0.005208333333333333,1611912.4940185547,0.010429356735076875,2,1,1,0.018942912943364785,5.075086961966066e-05,7.05564029678749e-05
WP092012,VICENTE,2012,6,7,1,0.00423728813559322,0,1,0.005208333333333333,1611912.4940185547,0.010429356735076875,2,1,1,0.018942912943364785,5.075086961966066e-05,7.05564029678749e-05
