storm_id,storm_name,year,t,n_track_points_used,n_failed_lines_cumulative,failed_line_share_cumulative,n_failed_lines_new,n_unserved_buses,unserved_bus_share,affected_population_proxy,affected_population_share_proxy,n_components,n_served_components,n_unserved_components,max_line_hazard_this_step,mean_line_p_fail_this_step,max_line_p_fail_this_step
WP242000,BOPHA,2000,0,1,0,0.0,0,0,0.0,0.0,0.0,1,1,0,0.0,5.017216468376421e-05,5.0172164683764205e-05
WP242000,BOPHA,2000,1,2,0,0.0,0,0,0.0,0.0,0.0,1,1,0,0.0,5.017216468376421e-05,5.0172164683764205e-05
WP242000,BOPHA,2000,2,3,0,0.0,0,0,0.0,0.0,0.0,1,1,0,0.04293793327155582,5.1380688730252875e-05,0.00010866662229011528
WP242000,BOPHA,2000,3,4,0,0.0,0,0,0.0,0.0,0.0,1,1,0,0.056852493525801934,5.266174364791553e-05,0.00013959087750497733
WP242000,BOPHA,2000,4,5,0,0.0,0,0,0.0,0.0,0.0,1,1,0,0.2019482115913053,6.87537865380748e-05,0.0018982322369268023
WP242000,BOPHA,2000,5,6,0,0.0,0,0,0.0,0.0,0.0,1,1,0,0.2019482115913053,7.03119529967475e-05,0.0018982322369268023
WP242000,BOPHA,2000,6,7,0,0.0,0,0,0.0,0.0,0.0,1,1,0,0.2019482115913053,7.03119529967475e-05,0.0018982322369268023
WP242000,BOPHA,2000,7,8,0,0.0,0,0,0.0,0.0,0.0,1,1,0,0.2019482115913053,7.03119529967475e-05,0.0018982322369268023
