storm_id,storm_name,year,t,n_track_points_used,n_failed_lines_cumulative,failed_line_share_cumulative,n_failed_lines_new,n_unserved_buses,unserved_bus_share,affected_population_proxy,affected_population_share_proxy,n_components,n_served_components,n_unserved_components,max_line_hazard_this_step,mean_line_p_fail_this_step,max_line_p_fail_this_step
WP062013,RUMBIA,2013,0,1,0,0.0,0,0,0.0,0.0,0.0,1,1,0,0.0,5.017216468376421e-05,5.0172164683764205e-05
WP062013,RUMBIA,2013,1,2,0,0.0,0,0,0.0,0.0,0.0,1,1,0,0.01709656090444735,5.0401970249761875e-05,6.825020254224667e-05
WP062013,RUMBIA,2013,2,3,0,0.0,0,0,0.0,0.0,0.0,1,1,0,0.1390845864736717,6.033058251626552e-05,0.0006130336894948064
WP062013,RUMBIA,2013,3,4,0,0.0,0,0,0.0,0.0,0.0,1,1,0,0.18777106562821852,7.077164413623577e-05,0.0014713230849144497
WP062013,RUMBIA,2013,4,5,0,0.0,0,0,0.0,0.0,0.0,1,1,0,0.18777106562821852,8.598499823848846e-05,0.0014713230849144497
WP062013,RUMBIA,2013,5,6,0,0.0,0,0,0.0,0.0,0.0,1,1,0,0.20556106749329967,0.0003246641800515154,0.002025520933904304
WP062013,RUMBIA,2013,6,7,0,0.0,0,0,0.0,0.0,0.0,1,1,0,0.20556106749329967,0.00033261058584200355,0.002025520933904304
WP062013,RUMBIA,2013,7,8,0,0.0,0,0,0.0,0.0,0.0,1,1,0,0.20556106749329967,0.00033261058584200355,0.002025520933904304
WP062013,RUMBIA,2013,8,9,1,0.00423728813559322,1,0,0.0,0.0,0.0,1,1,0,0.20556106749329967,0.00033261058584200355,0.002025520933904304
