storm_id,storm_name,year,t,n_track_points_used,n_failed_lines_cumulative,failed_line_share_cumulative,n_failed_lines_new,n_unserved_buses,unserved_bus_share,affected_population_proxy,affected_population_share_proxy,n_components,n_served_components,n_unserved_components,max_line_hazard_this_step,mean_line_p_fail_this_step,max_line_p_fail_this_step
WP102008,KAMMURI,2008,0,1,0,0.0,0,0,0.0,0.0,0.0,1,1,0,0.019079668917130328,5.053133871397009e-05,7.073028678501615e-05
WP102008,KAMMURI,2008,1,2,0,0.0,0,0,0.0,0.0,0.0,1,1,0,0.019079668917130328,5.053133871397009e-05,7.073028678501615e-05
WP102008,KAMMURI,2008,2,3,0,0.0,0,0,0.0,0.0,0.0,1,1,0,0.019079668917130328,5.053133871397009e-05,7.073028678501615e-05
WP102008,KAMMURI,2008,3,4,0,0.0,0,0,0.0,0.0,0.0,1,1,0,0.019079668917130328,5.053133871397009e-05,7.073028678501615e-05
WP102008,KAMMURI,2008,4,5,0,0.0,0,0,0.0,0.0,0.0,1,1,0,0.019079668917130328,5.053133871397009e-05,7.073028678501615e-05
WP102008,KAMMURI,2008,5,6,0,0.0,0,0,0.0,0.0,0.0,1,1,0,0.019079668917130328,5.053133871397009e-05,7.073028678501615e-05
