storm_id,storm_name,year,t,n_track_points_used,n_failed_lines_cumulative,failed_line_share_cumulative,n_failed_lines_new,n_unserved_buses,unserved_bus_share,affected_population_proxy,affected_population_share_proxy,n_components,n_served_components,n_unserved_components,max_line_hazard_this_step,mean_line_p_fail_this_step,max_line_p_fail_this_step
WP332017,TEMBIN,2017,0,1,0,0.0,0,0,0.0,0.0,0.0,1,1,0,0.042738230947224835,5.129965626685667e-05,0.00010827674814680893
WP332017,TEMBIN,2017,1,2,0,0.0,0,0,0.0,0.0,0.0,1,1,0,0.29353788134205294,0.00015674881740923322,0.009792302140049561
WP332017,TEMBIN,2017,2,3,0,0.0,0,0,0.0,0.0,0.0,1,1,0,0.29353788134205294,0.00027707762751247783,0.009792302140049561
WP332017,TEMBIN,2017,3,4,0,0.0,0,0,0.0,0.0,0.0,1,1,0,0.29353788134205294,0.00041130881645216026,0.009792302140049561
WP332017,TEMBIN,2017,4,5,0,0.0,0,0,0.0,0.0,0.0,1,1,0,0.29353788134205294,0.00044373984085797875,0.009792302140049561
WP332017,TEMBIN,2017,5,6,0,0.0,0,0,0.0,0.0,0.0,1,1,0,0.29353788134205294,0.00044373984085797875,0.009792302140049561
WP332017,TEMBIN,2017,6,7,0,0.0,0,0,0.0,0.0,0.0,1,1,0,0.29353788134205294,0.00044373984085797875,0.009792302140049561
WP332017,TEMBIN,2017,7,8,0,0.0,0,0,0.0,0.0,0.0,1,1,0,0.29353788134205294,0.00044373984085797875,0.009792302140049561
WP332017,TEMBIN,2017,8,9,0,0.0,0,0,0.0,0.0,0.0,1,1,0,0.29353788134205294,0.00044373984085797875,0.009792302140049561
