storm_id,storm_name,year,t,n_track_points_used,n_failed_lines_cumulative,failed_line_share_cumulative,n_failed_lines_new,n_unserved_buses,unserved_bus_share,affected_population_proxy,affected_population_share_proxy,n_components,n_served_components,n_unserved_components,max_line_hazard_this_step,mean_line_p_fail_this_step,max_line_p_fail_this_step
WP092014,RAMMASUN,2014,0,1,0,0.0,0,0,0.0,0.0,0.0,1,1,0,0.0,5.017216468376421e-05,5.0172164683764205e-05
WP092014,RAMMASUN,2014,1,2,0,0.0,0,0,0.0,0.0,0.0,1,1,0,0.10073099069977236,5.6168660573125444e-05,0.00030746488278517994
WP092014,RAMMASUN,2014,2,3,0,0.0,0,0,0.0,0.0,0.0,1,1,0,0.2366520438192281,0.00010376401724424401,0.003539361797043329
WP092014,RAMMASUN,2014,3,4,8,0.03389830508474576,8,5,0.026041666666666668,8042343.66824019,0.05203537500541154,7,3,4,0.673212541338113,0.0329344032743255,0.9018388866869055
WP092014,RAMMASUN,2014,4,5,9,0.038135593220338986,1,5,0.026041666666666668,8042343.66824019,0.05203537500541154,8,3,5,0.673212541338113,0.04156263004275367,0.9018388866869055
WP092014,RAMMASUN,2014,5,6,18,0.07627118644067797,9,9,0.046875,11984640.065879226,0.07754272459104773,16,7,9,0.673212541338113,0.058020028492714516,0.9018388866869055
WP092014,RAMMASUN,2014,6,7,18,0.07627118644067797,0,9,0.046875,11984640.065879226,0.07754272459104773,16,7,9,0.673212541338113,0.05802043668065222,0.9018388866869055
WP092014,RAMMASUN,2014,7,8,19,0.08050847457627118,1,9,0.046875,11984640.065879226,0.07754272459104773,16,7,9,0.673212541338113,0.05802043668065222,0.9018388866869055
WP092014,RAMMASUN,2014,8,9,20,0.0847457627118644,1,9,0.046875,11984640.065879226,0.07754272459104773,16,7,9,0.673212541338113,0.05802043668065222,0.9018388866869055
