storm_id,storm_name,year,t,n_track_points_used,n_failed_lines_cumulative,failed_line_share_cumulative,n_failed_lines_new,n_unserved_buses,unserved_bus_share,affected_population_proxy,affected_population_share_proxy,n_components,n_served_components,n_unserved_components,max_line_hazard_this_step,mean_line_p_fail_this_step,max_line_p_fail_this_step
WP132019,PODUL,2019,0,1,0,0.0,0,0,0.0,0.0,0.0,1,1,0,0.0,5.017216468376421e-05,5.0172164683764205e-05
WP132019,PODUL,2019,1,2,0,0.0,0,0,0.0,0.0,0.0,1,1,0,0.0,5.017216468376421e-05,5.0172164683764205e-05
WP132019,PODUL,2019,2,3,0,0.0,0,0,0.0,0.0,0.0,1,1,0,0.0,5.017216468376421e-05,5.0172164683764205e-05
WP132019,PODUL,2019,3,4,0,0.0,0,0,0.0,0.0,0.0,1,1,0,0.01840396189091882,5.0842748946564745e-05,6.987528388874559e-05
WP132019,PODUL,2019,4,5,0,0.0,0,0,0.0,0.0,0.0,1,1,0,0.14666618637740808,0.00010386145273091345,0.0007026079520922858
WP132019,PODUL,2019,5,6,0,0.0,0,0,0.0,0.0,0.0,1,1,0,0.14666618637740808,0.00010386145273091345,0.0007026079520922858
WP132019,PODUL,2019,6,7,0,0.0,0,0,0.0,0.0,0.0,1,1,0,0.14666618637740808,0.00010386145273091345,0.0007026079520922858
