storm_id,storm_name,year,t,n_track_points_used,n_failed_lines_cumulative,failed_line_share_cumulative,n_failed_lines_new,n_unserved_buses,unserved_bus_share,affected_population_proxy,affected_population_share_proxy,n_components,n_served_components,n_unserved_components,max_line_hazard_this_step,mean_line_p_fail_this_step,max_line_p_fail_this_step
WP162019,KAJIKI,2019,0,1,0,0.0,0,0,0.0,0.0,0.0,1,1,0,0.0,5.017216468376421e-05,5.0172164683764205e-05
WP162019,KAJIKI,2019,1,2,0,0.0,0,0,0.0,0.0,0.0,1,1,0,0.036281262291706896,5.104678417625135e-05,9.6397173186524e-05
WP162019,KAJIKI,2019,2,3,0,0.0,0,0,0.0,0.0,0.0,1,1,0,0.036281262291706896,5.134217461143532e-05,9.6397173186524e-05
WP162019,KAJIKI,2019,3,4,0,0.0,0,0,0.0,0.0,0.0,1,1,0,0.036281262291706896,5.134217461143532e-05,9.6397173186524e-05
WP162019,KAJIKI,2019,4,5,0,0.0,0,0,0.0,0.0,0.0,1,1,0,0.036281262291706896,5.134217461143532e-05,9.6397173186524e-05
