storm_id,storm_name,year,t,n_track_points_used,n_failed_lines_cumulative,failed_line_share_cumulative,n_failed_lines_new,n_unserved_buses,unserved_bus_share,affected_population_proxy,affected_population_share_proxy,n_components,n_served_components,n_unserved_components,max_line_hazard_this_step,mean_line_p_fail_this_step,max_line_p_fail_this_step
WP272003,UNNAMED,2003,0,1,0,0.0,0,0,0.0,0.0,0.0,1,1,0,0.0,5.017216468376421e-05,5.0172164683764205e-05
WP272003,UNNAMED,2003,1,2,0,0.0,0,0,0.0,0.0,0.0,1,1,0,0.0,5.017216468376421e-05,5.0172164683764205e-05
WP272003,UNNAMED,2003,2,3,0,0.0,0,0,0.0,0.0,0.0,1,1,0,0.0,5.017216468376421e-05,5.0172164683764205e-05
WP272003,UNNAMED,2003,3,4,0,0.0,0,0,0.0,0.0,0.0,1,1,0,0.0,5.017216468376421e-05,5.0172164683764205e-05
WP272003,UNNAMED,2003,4,5,0,0.0,0,0,0.0,0.0,0.0,1,1,0,0.023547375097125584,5.028437093438001e-05,7.665283982909113e-05
WP272003,UNNAMED,2003,5,6,0,0.0,0,0,0.0,0.0,0.0,1,1,0,0.045894831660932084,5.1613577929825546e-05,0.00011460631585988125
WP272003,UNNAMED,2003,6,7,0,0.0,0,0,0.0,0.0,0.0,1,1,0,0.14112036602835448,6.143235579127722e-05,0.0006358998258304563
