storm_id,storm_name,year,t,n_track_points_used,n_failed_lines_cumulative,failed_line_share_cumulative,n_unserved_buses,unserved_bus_share,affected_population_proxy,affected_population_share_proxy,n_components,max_line_hazard_this_step
WP312013,HAIYAN,2013,0,1,0,0.0,0,0.0,0.0,0.0,1,0.1071020916452886
WP312013,HAIYAN,2013,1,2,12,0.05084745762711865,3,0.015625,1257045.2503294945,0.008133303387416637,11,0.9697764501560368
WP312013,HAIYAN,2013,2,3,17,0.07203389830508475,4,0.020833333333333332,2700952.1610121727,0.017475634512482716,16,0.9697764501560368
WP312013,HAIYAN,2013,3,4,17,0.07203389830508475,4,0.020833333333333332,2700952.1610121727,0.017475634512482716,16,0.9697764501560368
WP312013,HAIYAN,2013,4,5,17,0.07203389830508475,4,0.020833333333333332,2700952.1610121727,0.017475634512482716,16,0.9697764501560368
WP312013,HAIYAN,2013,5,6,17,0.07203389830508475,4,0.020833333333333332,2700952.1610121727,0.017475634512482716,16,0.9697764501560368
