storm_id,storm_name,year,t,n_track_points_used,n_failed_lines_cumulative,failed_line_share_cumulative,n_failed_lines_new,n_unserved_buses,unserved_bus_share,affected_population_proxy,affected_population_share_proxy,n_components,n_served_components,n_unserved_components,max_line_hazard_this_step,mean_line_p_fail_this_step,max_line_p_fail_this_step
WP252003,NEPARTAK,2003,0,1,0,0.0,0,0,0.0,0.0,0.0,1,1,0,0.038050478888730886,5.1275276058844607e-05,9.951612157187828e-05
WP252003,NEPARTAK,2003,1,2,1,0.00423728813559322,1,1,0.005208333333333333,2327941.2650969625,0.015062188550616763,2,1,1,0.2890086524171231,0.00012845729013118677,0.009032574275920668
WP252003,NEPARTAK,2003,2,3,1,0.00423728813559322,0,1,0.005208333333333333,2327941.2650969625,0.015062188550616763,2,1,1,0.2890086524171231,0.0001367787571204232,0.009032574275920668
WP252003,NEPARTAK,2003,3,4,1,0.00423728813559322,0,1,0.005208333333333333,2327941.2650969625,0.015062188550616763,2,1,1,0.2890086524171231,0.00013811844075689147,0.009032574275920668
WP252003,NEPARTAK,2003,4,5,1,0.00423728813559322,0,1,0.005208333333333333,2327941.2650969625,0.015062188550616763,2,1,1,0.2890086524171231,0.00013811844075689147,0.009032574275920668
WP252003,NEPARTAK,2003,5,6,1,0.00423728813559322,0,1,0.005208333333333333,2327941.2650969625,0.015062188550616763,2,1,1,0.2890086524171231,0.00013811844075689147,0.009032574275920668
WP252003,NEPARTAK,2003,6,7,1,0.00423728813559322,0,1,0.005208333333333333,2327941.2650969625,0.015062188550616763,2,1,1,0.2890086524171231,0.00013811844075689147,0.009032574275920668
WP252003,NEPARTAK,2003,7,8,1,0.00423728813559322,0,1,0.005208333333333333,2327941.2650969625,0.015062188550616763,2,1,1,0.2890086524171231,0.00013811844075689147,0.009032574275920668
