storm_id,storm_name,year,t,n_track_points_used,n_failed_lines_cumulative,failed_line_share_cumulative,n_failed_lines_new,n_unserved_buses,unserved_bus_share,affected_population_proxy,affected_population_share_proxy,n_components,n_served_components,n_unserved_components,max_line_hazard_this_step,mean_line_p_fail_this_step,max_line_p_fail_this_step
WP042014,UNNAMED,2014,0,1,0,0.0,0,0,0.0,0.0,0.0,1,1,0,0.014552594285227323,5.039782652915648e-05,6.519560491413732e-05
WP042014,UNNAMED,2014,1,2,0,0.0,0,0,0.0,0.0,0.0,1,1,0,0.019237115028159335,5.0525152266551644e-05,7.093100861281935e-05
WP042014,UNNAMED,2014,2,3,0,0.0,0,0,0.0,0.0,0.0,1,1,0,0.02146998845605181,5.082341464109899e-05,7.383969855278592e-05
WP042014,UNNAMED,2014,3,4,0,0.0,0,0,0.0,0.0,0.0,1,1,0,0.02465439868632137,5.104857214586882e-05,7.819545579346674e-05
WP042014,UNNAMED,2014,4,5,0,0.0,0,0,0.0,0.0,0.0,1,1,0,0.04001297676776222,5.158509650080755e-05,0.00010309398423507561
WP042014,UNNAMED,2014,5,6,0,0.0,0,0,0.0,0.0,0.0,1,1,0,0.14153127302275104,5.638663851123671e-05,0.0006406175605953214
WP042014,UNNAMED,2014,6,7,0,0.0,0,0,0.0,0.0,0.0,1,1,0,0.14153127302275104,5.917096233530327e-05,0.0006406175605953214
WP042014,UNNAMED,2014,7,8,0,0.0,0,0,0.0,0.0,0.0,1,1,0,0.14153127302275104,5.917096233530327e-05,0.0006406175605953214
