storm_id,storm_name,year,t,n_track_points_used,n_failed_lines_cumulative,failed_line_share_cumulative,n_failed_lines_new,n_unserved_buses,unserved_bus_share,affected_population_proxy,affected_population_share_proxy,n_components,n_served_components,n_unserved_components,max_line_hazard_this_step,mean_line_p_fail_this_step,max_line_p_fail_this_step
WP082020,HIGOS,2020,0,1,0,0.0,0,0,0.0,0.0,0.0,1,1,0,0.0,5.017216468376421e-05,5.0172164683764205e-05
WP082020,HIGOS,2020,1,2,0,0.0,0,0,0.0,0.0,0.0,1,1,0,0.0,5.017216468376421e-05,5.0172164683764205e-05
WP082020,HIGOS,2020,2,3,0,0.0,0,0,0.0,0.0,0.0,1,1,0,0.01562788335369389,5.0359314248758285e-05,6.646968549013387e-05
WP082020,HIGOS,2020,3,4,0,0.0,0,0,0.0,0.0,0.0,1,1,0,0.021231973583106932,5.079923011591692e-05,7.352404942110201e-05
WP082020,HIGOS,2020,4,5,0,0.0,0,0,0.0,0.0,0.0,1,1,0,0.029145238675104254,5.0949250854487874e-05,8.477833885890472e-05
WP082020,HIGOS,2020,5,6,0,0.0,0,0,0.0,0.0,0.0,1,1,0,0.029145238675104254,5.0949250854487874e-05,8.477833885890472e-05
WP082020,HIGOS,2020,6,7,0,0.0,0,0,0.0,0.0,0.0,1,1,0,0.029145238675104254,5.0949250854487874e-05,8.477833885890472e-05
WP082020,HIGOS,2020,7,8,0,0.0,0,0,0.0,0.0,0.0,1,1,0,0.029145238675104254,5.0949250854487874e-05,8.477833885890472e-05
