storm_id,storm_name,year,t,n_track_points_used,n_failed_lines_cumulative,failed_line_share_cumulative,n_failed_lines_new,n_unserved_buses,unserved_bus_share,affected_population_proxy,affected_population_share_proxy,n_components,n_served_components,n_unserved_components,max_line_hazard_this_step,mean_line_p_fail_this_step,max_line_p_fail_this_step
WP062001,UTOR,2001,0,1,0,0.0,0,0,0.0,0.0,0.0,1,1,0,0.0,5.017216468376421e-05,5.0172164683764205e-05
WP062001,UTOR,2001,1,2,0,0.0,0,0,0.0,0.0,0.0,1,1,0,0.0,5.017216468376421e-05,5.0172164683764205e-05
WP062001,UTOR,2001,2,3,0,0.0,0,0,0.0,0.0,0.0,1,1,0,0.0,5.017216468376421e-05,5.0172164683764205e-05
WP062001,UTOR,2001,3,4,0,0.0,0,0,0.0,0.0,0.0,1,1,0,0.08474977381983044,5.454803760565313e-05,0.00023062103888599642
WP062001,UTOR,2001,4,5,0,0.0,0,0,0.0,0.0,0.0,1,1,0,0.21989064163609925,7.833661561183522e-05,0.002619971444991035
WP062001,UTOR,2001,5,6,0,0.0,0,0,0.0,0.0,0.0,1,1,0,0.21989064163609925,7.833661561183522e-05,0.002619971444991035
WP062001,UTOR,2001,6,7,0,0.0,0,0,0.0,0.0,0.0,1,1,0,0.21989064163609925,7.833661561183522e-05,0.002619971444991035
WP062001,UTOR,2001,7,8,0,0.0,0,0,0.0,0.0,0.0,1,1,0,0.21989064163609925,7.833661561183522e-05,0.002619971444991035
WP062001,UTOR,2001,8,9,0,0.0,0,0,0.0,0.0,0.0,1,1,0,0.21989064163609925,7.833661561183522e-05,0.002619971444991035
