storm_id,storm_name,year,t,n_track_points_used,n_failed_lines_cumulative,failed_line_share_cumulative,n_failed_lines_new,n_unserved_buses,unserved_bus_share,affected_population_proxy,affected_population_share_proxy,n_components,n_served_components,n_unserved_components,max_line_hazard_this_step,mean_line_p_fail_this_step,max_line_p_fail_this_step
WP272009,UNNAMED,2009,0,1,0,0.0,0,0,0.0,0.0,0.0,1,1,0,0.013036610131957213,5.0284610159750235e-05,6.3440730850114e-05
WP272009,UNNAMED,2009,1,2,0,0.0,0,0,0.0,0.0,0.0,1,1,0,0.013036610131957213,5.033246014751837e-05,6.3440730850114e-05
WP272009,UNNAMED,2009,2,3,0,0.0,0,0,0.0,0.0,0.0,1,1,0,0.013058634468102225,5.0390842354146176e-05,6.346588455920844e-05
WP272009,UNNAMED,2009,3,4,0,0.0,0,0,0.0,0.0,0.0,1,1,0,0.016273570784745763,5.064545088206395e-05,6.724667555630018e-05
WP272009,UNNAMED,2009,4,5,0,0.0,0,0,0.0,0.0,0.0,1,1,0,0.020703116256037137,5.077691663082693e-05,7.282751378480863e-05
WP272009,UNNAMED,2009,5,6,0,0.0,0,0,0.0,0.0,0.0,1,1,0,0.020703116256037137,5.077691663082693e-05,7.282751378480863e-05
WP272009,UNNAMED,2009,6,7,0,0.0,0,0,0.0,0.0,0.0,1,1,0,0.020703116256037137,5.077691663082693e-05,7.282751378480863e-05
WP272009,UNNAMED,2009,7,8,0,0.0,0,0,0.0,0.0,0.0,1,1,0,0.03705478833075625,5.140036939529332e-05,9.774861153593574e-05
WP272009,UNNAMED,2009,8,9,0,0.0,0,0,0.0,0.0,0.0,1,1,0,0.03705478833075625,5.140036939529332e-05,9.774861153593574e-05
