storm_id,storm_name,year,t,n_track_points_used,n_failed_lines_cumulative,failed_line_share_cumulative,n_failed_lines_new,n_unserved_buses,unserved_bus_share,affected_population_proxy,affected_population_share_proxy,n_components,n_served_components,n_unserved_components,max_line_hazard_this_step,mean_line_p_fail_this_step,max_line_p_fail_this_step
WP252016,HAIMA,2016,0,1,0,0.0,0,0,0.0,0.0,0.0,1,1,0,0.0,5.017216468376421e-05,5.0172164683764205e-05
WP252016,HAIMA,2016,1,2,0,0.0,0,0,0.0,0.0,0.0,1,1,0,0.0,5.017216468376421e-05,5.0172164683764205e-05
WP252016,HAIMA,2016,2,3,0,0.0,0,0,0.0,0.0,0.0,1,1,0,0.0,5.017216468376421e-05,5.0172164683764205e-05
WP252016,HAIMA,2016,3,4,0,0.0,0,0,0.0,0.0,0.0,1,1,0,0.10029289052148284,5.441851071580928e-05,0.0003050505468541279
WP252016,HAIMA,2016,4,5,0,0.0,0,0,0.0,0.0,0.0,1,1,0,0.4848058739081412,0.0020829943208078737,0.23622395947691338
WP252016,HAIMA,2016,5,6,0,0.0,0,0,0.0,0.0,0.0,1,1,0,0.4848058739081412,0.0030364249281024424,0.23622395947691338
WP252016,HAIMA,2016,6,7,1,0.00423728813559322,1,1,0.005208333333333333,27410.15249633789,0.00017734849727138794,2,1,1,0.4848058739081412,0.0030364249281024424,0.23622395947691338
WP252016,HAIMA,2016,7,8,1,0.00423728813559322,0,1,0.005208333333333333,27410.15249633789,0.00017734849727138794,2,1,1,0.4848058739081412,0.0030364249281024424,0.23622395947691338
WP252016,HAIMA,2016,8,9,1,0.00423728813559322,0,1,0.005208333333333333,27410.15249633789,0.00017734849727138794,2,1,1,0.4848058739081412,0.0030364249281024424,0.23622395947691338
