storm_id,storm_name,year,t,n_track_points_used,n_failed_lines_cumulative,failed_line_share_cumulative,n_failed_lines_new,n_unserved_buses,unserved_bus_share,affected_population_proxy,affected_population_share_proxy,n_components,n_served_components,n_unserved_components,max_line_hazard_this_step,mean_line_p_fail_this_step,max_line_p_fail_this_step
WP012013,SONAMU,2013,0,1,0,0.0,0,0,0.0,0.0,0.0,1,1,0,0.01443775735981301,5.03536565488333e-05,6.506098932873743e-05
WP012013,SONAMU,2013,1,2,0,0.0,0,0,0.0,0.0,0.0,1,1,0,0.11612940765097021,5.799990998728081e-05,0.0004056270682328904
WP012013,SONAMU,2013,2,3,0,0.0,0,0,0.0,0.0,0.0,1,1,0,0.11612940765097021,7.041802045904054e-05,0.0004056270682328904
WP012013,SONAMU,2013,3,4,0,0.0,0,0,0.0,0.0,0.0,1,1,0,0.11612940765097021,7.041802045904054e-05,0.0004056270682328904
WP012013,SONAMU,2013,4,5,0,0.0,0,0,0.0,0.0,0.0,1,1,0,0.11612940765097021,7.041802045904054e-05,0.0004056270682328904
WP012013,SONAMU,2013,5,6,0,0.0,0,0,0.0,0.0,0.0,1,1,0,0.11612940765097021,7.041802045904054e-05,0.0004056270682328904
WP012013,SONAMU,2013,6,7,0,0.0,0,0,0.0,0.0,0.0,1,1,0,0.11612940765097021,7.041802045904054e-05,0.0004056270682328904
