storm_id,storm_name,year,t,n_track_points_used,n_failed_lines_cumulative,failed_line_share_cumulative,n_failed_lines_new,n_unserved_buses,unserved_bus_share,affected_population_proxy,affected_population_share_proxy,n_components,n_served_components,n_unserved_components,max_line_hazard_this_step,mean_line_p_fail_this_step,max_line_p_fail_this_step
WP032021,UNNAMED,2021,0,1,0,0.0,0,0,0.0,0.0,0.0,1,1,0,0.028076768125156325,5.071312146929821e-05,8.316355551639898e-05
WP032021,UNNAMED,2021,1,2,0,0.0,0,0,0.0,0.0,0.0,1,1,0,0.17375199548603618,5.894530416765555e-05,0.0011435608907030923
WP032021,UNNAMED,2021,2,3,0,0.0,0,0,0.0,0.0,0.0,1,1,0,0.17375199548603618,7.074642542334272e-05,0.0011435608907030923
WP032021,UNNAMED,2021,3,4,0,0.0,0,0,0.0,0.0,0.0,1,1,0,0.17375199548603618,8.555548214203427e-05,0.0011435608907030923
WP032021,UNNAMED,2021,4,5,0,0.0,0,0,0.0,0.0,0.0,1,1,0,0.17375199548603618,0.00010143938040860887,0.0011435608907030923
WP032021,UNNAMED,2021,5,6,0,0.0,0,0,0.0,0.0,0.0,1,1,0,0.17375199548603618,0.00010232867179798264,0.0011435608907030923
