storm_id,storm_name,year,t,n_track_points_used,n_failed_lines_cumulative,failed_line_share_cumulative,n_unserved_buses,unserved_bus_share,affected_population_proxy,affected_population_share_proxy,n_components,max_line_hazard_this_step
WP092014,RAMMASUN,2014,0,1,0,0.0,0,0.0,0.0,0.0,1,0.0
WP092014,RAMMASUN,2014,1,2,0,0.0,0,0.0,0.0,0.0,1,0.026597616981497266
WP092014,RAMMASUN,2014,2,3,0,0.0,0,0.0,0.0,0.0,1,0.10558398182540872
WP092014,RAMMASUN,2014,3,4,0,0.0,0,0.0,0.0,0.0,1,0.4983462244632113
WP092014,RAMMASUN,2014,4,5,0,0.0,0,0.0,0.0,0.0,1,0.4983462244632113
WP092014,RAMMASUN,2014,5,6,0,0.0,0,0.0,0.0,0.0,1,0.4983462244632113
WP092014,RAMMASUN,2014,6,7,0,0.0,0,0.0,0.0,0.0,1,0.4983462244632113
WP092014,RAMMASUN,2014,7,8,0,0.0,0,0.0,0.0,0.0,1,0.4983462244632113
WP092014,RAMMASUN,2014,8,9,0,0.0,0,0.0,0.0,0.0,1,0.4983462244632113
