storm_id,storm_name,year,t,n_track_points_used,n_failed_lines_cumulative,failed_line_share_cumulative,n_failed_lines_new,n_unserved_buses,unserved_bus_share,affected_population_proxy,affected_population_share_proxy,n_components,n_served_components,n_unserved_components,max_line_hazard_this_step,mean_line_p_fail_this_step,max_line_p_fail_this_step
WP322013,PODUL,2013,0,1,0,0.0,0,0,0.0,0.0,0.0,1,1,0,0.0,5.017216468376421e-05,5.0172164683764205e-05
WP322013,PODUL,2013,1,2,0,0.0,0,0,0.0,0.0,0.0,1,1,0,0.0,5.017216468376421e-05,5.0172164683764205e-05
WP322013,PODUL,2013,2,3,0,0.0,0,0,0.0,0.0,0.0,1,1,0,0.0,5.017216468376421e-05,5.0172164683764205e-05
WP322013,PODUL,2013,3,4,0,0.0,0,0,0.0,0.0,0.0,1,1,0,0.04614917952536172,5.410162026317084e-05,0.00011513215593893103
WP322013,PODUL,2013,4,5,0,0.0,0,0,0.0,0.0,0.0,1,1,0,0.04614917952536172,5.410162026317084e-05,0.00011513215593893103
WP322013,PODUL,2013,5,6,0,0.0,0,0,0.0,0.0,0.0,1,1,0,0.04614917952536172,5.410162026317084e-05,0.00011513215593893103
WP322013,PODUL,2013,6,7,0,0.0,0,0,0.0,0.0,0.0,1,1,0,0.04614917952536172,5.410162026317084e-05,0.00011513215593893103
WP322013,PODUL,2013,7,8,0,0.0,0,0,0.0,0.0,0.0,1,1,0,0.04614917952536172,5.410162026317084e-05,0.00011513215593893103
