storm_id,storm_name,year,t,n_track_points_used,n_failed_lines_cumulative,failed_line_share_cumulative,n_failed_lines_new,n_unserved_buses,unserved_bus_share,affected_population_proxy,affected_population_share_proxy,n_components,n_served_components,n_unserved_components,max_line_hazard_this_step,mean_line_p_fail_this_step,max_line_p_fail_this_step
WP222003,UNNAMED,2003,0,1,0,0.0,0,0,0.0,0.0,0.0,1,1,0,0.0,5.017216468376421e-05,5.0172164683764205e-05
WP222003,UNNAMED,2003,1,2,0,0.0,0,0,0.0,0.0,0.0,1,1,0,0.0,5.017216468376421e-05,5.0172164683764205e-05
WP222003,UNNAMED,2003,2,3,0,0.0,0,0,0.0,0.0,0.0,1,1,0,0.0,5.017216468376421e-05,5.0172164683764205e-05
WP222003,UNNAMED,2003,3,4,0,0.0,0,0,0.0,0.0,0.0,1,1,0,0.014760472863184984,5.023685888320159e-05,6.543999575098553e-05
WP222003,UNNAMED,2003,4,5,0,0.0,0,0,0.0,0.0,0.0,1,1,0,0.022779451001993096,5.1332153258589605e-05,7.560066447341904e-05
WP222003,UNNAMED,2003,5,6,0,0.0,0,0,0.0,0.0,0.0,1,1,0,0.07535546425474018,5.6086747888608395e-05,0.0001947495055940601
